Designator,Mid X,Mid Y,Rotation,Layer
_11,135.68,-54.8,0.0,top
_10,108.72,-92.47,0.0,top
_9,112.26,-61.2,0.0,top
_8,112.16,-59.75,0.0,top
_7,116.52,-49.0,0.0,top
_6,112.52,-49.0,0.0,top
_5,114.52,-49.0,0.0,top
_4,110.52,-49.0,180.0,bottom
_3,109.77,-64.59,180.0,bottom
_2,136.47,-57.68,180.0,bottom
,132.42,-59.87,180.0,bottom
BROADWAY1,155.02,-79.68,0.0,top
C101,141.64,-108.72,180.0,bottom
C102,141.64,-110.14,180.0,bottom
C128,118.28,-62.92,90.0,bottom
C129,123.04,-81.3,270.0,bottom
C13,158.16,-75.9,180.0,bottom
C130,143.38,-102.71,270.0,bottom
C131,109.21,-96.32,180.0,bottom
C132,109.15,-118.83,180.0,bottom
C145,129.07,-87.12,180.0,bottom
C149,125.06,-76.17,0.0,bottom
C15,158.1,-77.91,180.0,bottom
C154,129.01,-85.21,180.0,bottom
C159,129.02,-83.16,180.0,bottom
C160,115.0,-62.15,0.0,bottom
C162,129.08,-77.18,180.0,bottom
C165,129.1,-79.18,180.0,bottom
C167,129.07,-81.2,180.0,bottom
C18,131.15,-108.47,180.0,bottom
C181,129.08,-73.14,180.0,bottom
C184,127.0,-90.14,180.0,bottom
C188,125.11,-84.15,0.0,bottom
C19,132.62,-106.01,0.0,bottom
C190,121.0,-73.14,0.0,bottom
C196,121.06,-77.13,180.0,bottom
C199,124.98,-78.17,0.0,bottom
C20,127.6,-112.37,90.0,bottom
C202,130.97,-89.11,180.0,bottom
C203,123.07,-90.15,0.0,bottom
C204,122.23,-95.925,270.0,bottom
C206,129.08,-95.56,270.0,bottom
C207,137.7,-105.67,270.0,bottom
C209,133.05,-83.16,180.0,bottom
C21,124.41,-114.42,90.0,bottom
C22,128.36,-109.81,0.0,bottom
C224,133.05,-85.11,180.0,bottom
C226,133.05,-87.17,180.0,bottom
C23,129.62,-116.23,180.0,bottom
C230,125.02,-80.14,0.0,bottom
C232,124.99,-82.12,0.0,bottom
C24,122.35,-116.17,0.0,bottom
C25,118.83,-107.76,90.0,bottom
C26,124.39,-112.38,90.0,bottom
C265,133.635,-89.57,180.0,bottom
C266,136.62,-89.57,0.0,bottom
C27,122.32,-101.08,0.0,bottom
C28,127.63,-114.42,90.0,bottom
C29,125.07,-90.12,0.0,bottom
C292,154.98,-79.51,180.0,bottom
C294,120.76,-109.49,0.0,bottom
C296,123.13,-70.095,270.0,bottom
C297,118.135,-69.51,0.0,bottom
C30,123.37,-85.62,180.0,bottom
C302,151.8,-81.01,180.0,bottom
C304,158.12,-81.11,180.0,bottom
C306,133.11,-73.15,0.0,bottom
C31,135.02,-86.16,0.0,bottom
C311,115.92,-97.76,90.0,bottom
C32,138.0,-99.65,0.0,bottom
C321,154.96,-82.74,180.0,bottom
C326,151.84,-84.04,180.0,bottom
C328,158.17,-84.15,180.0,bottom
C34,129.02,-90.13,180.0,bottom
C342,127.1,-74.12,90.0,bottom
C343,125.12,-74.22,90.0,bottom
C344,125.06,-77.17,180.0,bottom
C345,144.78,-97.28,270.0,bottom
C346,143.37,-97.28,90.0,bottom
C347,137.79,-94.55,270.0,bottom
C35,129.61,-101.135,180.0,bottom
C38,121.0,-90.15,0.0,bottom
C39,127.02,-82.15,0.0,bottom
C41,126.99,-80.12,0.0,bottom
C43,131.71,-55.86,270.0,bottom
C44,126.02,-66.5,270.0,bottom
C45,123.21,-66.39,270.0,bottom
C48,124.63,-66.39,270.0,bottom
C502,137.05,-73.13,0.0,bottom
C526,136.99,-77.12,0.0,bottom
C529,137.04,-84.18,0.0,bottom
C533,137.02,-88.13,0.0,bottom
C534,133.06,-84.18,0.0,bottom
C536,133.05,-80.14,0.0,bottom
C54,116.16,-57.175,90.0,bottom
C55,124.33,-49.18,90.0,bottom
C56,113.82,-57.76,0.0,bottom
C57,119.52,-49.08,90.0,bottom
C58,121.9,-49.07,90.0,bottom
C60,127.95,-49.12,90.0,bottom
C601,125.38,-70.29,270.0,bottom
C602,121.02,-81.14,180.0,bottom
C605,123.11,-84.13,180.0,bottom
C608,121.01,-87.11,180.0,bottom
C61,116.24,-60.19,270.0,bottom
C7,162.51,-76.62,90.0,bottom
C705,133.1,-77.21,180.0,bottom
C706,133.09,-79.17,180.0,bottom
C707,133.09,-81.2,180.0,bottom
C708,129.08,-75.15,180.0,bottom
C710,133.1,-75.13,180.0,bottom
C8,162.71,-73.39,180.0,bottom
C801,133.09,-76.2,0.0,bottom
C802,133.06,-78.19,0.0,bottom
C809,131.03,-91.14,0.0,bottom
C810,123.04,-92.18,0.0,bottom
C814,119.14,-92.16,270.0,bottom
C815,127.1,-92.14,0.0,bottom
C816,137.38,-96.86,90.0,bottom
C9,151.82,-75.97,180.0,bottom
CB0,111.2,-107.66,0.0,top
CB1,111.21,-101.55,0.0,top
CB2,158.85,-55.48,180.0,top
CB3,158.85,-60.29,180.0,top
CB4,159.71,-104.47,180.0,top
CB5,159.71,-99.67,180.0,top
D31,150.54,-105.91,270.0,bottom
FB1,162.49,-78.35,180.0,bottom
FB2,122.98,-78.3,90.0,bottom
FB3,143.38,-100.01,90.0,bottom
FB38,120.49,-66.49,270.0,bottom
FB39,116.96,-65.95,270.0,bottom
FB4,120.66,-88.66,0.0,bottom
FB40,114.7275,-63.37,180.0,bottom
FB5,145.06,-100.05,90.0,bottom
FB6,141.63,-100.02,90.0,bottom
HOLLYWOOD1,129.52,-83.11,0.0,top
J1,106.49,-79.42,90.0,bottom
NAND1,109.21,-107.585,270.0,bottom
R11,120.01,-107.76,270.0,bottom
R12,121.31,-107.76,270.0,bottom
R13,132.69,-92.71,0.0,bottom
R14,137.96,-102.53,0.0,bottom
R15,137.96,-101.15,180.0,bottom
R167,118.85,-105.03,180.0,bottom
R168,118.85,-106.17,0.0,bottom
R186,161.55,-76.59,270.0,bottom
R187,137.5,-78.63,90.0,bottom
R188,123.47,-88.66,0.0,bottom
R19,112.24,-82.02,180.0,bottom
R192,123.82,-87.14,90.0,bottom
R193,151.79,-77.83,180.0,bottom
R21,125.12,-72.13,0.0,bottom
R212,107.17,-90.1,180.0,bottom
R213,107.17,-89.07,180.0,bottom
R23,127.82,-67.71,270.0,bottom
R3,161.95,-71.62,0.0,bottom
R35,116.96,-52.38,270.0,bottom
R37,126.71,-49.1,90.0,bottom
R39,125.49,-49.09,90.0,bottom
R40,123.06,-49.06,90.0,bottom
R44,120.67,-49.08,90.0,bottom
R6,131.13,-107.25,0.0,bottom
R60,150.54,-108.6,90.0,bottom
R7,132.99,-108.0,270.0,bottom
R70,121.08,-71.11,90.0,bottom
R71,105.09,-95.85,0.0,bottom
R8,127.36,-116.2,180.0,bottom
RA1_1,111.44,-77.01,0.0,bottom
RA1_2,111.44,-76.07,0.0,bottom
RA1_3,111.44,-75.13,0.0,bottom
RA1_4,111.44,-74.19,0.0,bottom
RA20_1,107.18,-88.01,180.0,bottom
RA20_2,107.18,-87.02,180.0,bottom
RA20_3,107.18,-86.08,180.0,bottom
RA20_4,107.18,-85.12,180.0,bottom
RA9_1,162.96,-80.14,0.0,bottom
RA9_2,162.96,-81.09,0.0,bottom
RA9_3,162.95,-83.07,0.0,bottom
RA9_4,162.96,-82.08,0.0,bottom
RAM1,128.42,-108.94,0.0,top
U1,124.035,-57.82,270.0,bottom
U10,107.29,-63.29,90.0,bottom
U2,142.84,-109.04,0.0,top
U5,126.235,-87.415,180.0,bottom
USB_2,149.22,-57.790001,180.0,top
USB,140.92,-57.790001,180.0,top
Y1,143.53,-109.42,90.0,bottom
